id;ord_number;ord_stage_cd;ord_org_order_status_cd;ord_cmp_order_status_cd;ord_pro_order_status_cd;ord_cmp_nbr;ord_brn_nbr;ord_pro_nbr;ord_product_code;ord_original_value_amt;ord_parent_tracking_nbr;ord_user_nbr;ord_order_dt;ord_rush_request_due_dt;ord_org_instructions;ord_org_other_instructions;ord_multi_order_ind;ord_org_duedate;ord_pro_duedate;ord_ucdp_data_fnma_submit_to_ucdp_ind;ord_ucdp_data_fnma_servicer_nbr;ord_ucdp_data_fhlmc_submit_to_ucdp_ind;ord_ucdp_data_fhlmc_identification_nbr;ord_ucdp_data_ucdp_bussiness_unit_nbr;ord_ucdp_sd_fnama_document_id;ord_ucdp_sd_fnma_submission_status_id;ord_ucdp_sd_fhlmc_document_file_cd;ord_ucdp_sd_ead_submission_status_cd;ord_ucdp_final_submission_dt;ord_loan_nbr;ordloan_old_loan_nbr;ord_loan_program;ord_loan_purpose;ord_loan_type;ord_loan_amt;ord_loan_qualifying_value_amt;ord_loan_sales_price_amt;ord_loan_borrower_last_name;ord_loan_borrower_first_name;ord_loan_borrower_middle_name;ord_loan_borrower_is_co_borrower_ind;ord_loan_fha_case_nbr;ord_loan_deed_restriction_ind;ord_loan_estimated_close_dt;ord_loan_hpml_ind;ord_loan_is_new_construction_ind;ord_loan_customer_segment_code;ord_loan_non_subject_property_ind;ord_loan_borrower_requested_close_dt;ord_property_type_cd;ord_property_address_1;ord_property_address_2;ord_property_city;ord_property_state_cd;ord_property_zip;ord_property_county;ord_property_latitue;ord_property_longitude;ord_property_project_name;ord_contact_1_type_cd;ord_contact_1_name;ord_contact_1_work_phone;ord_contact_1_home_phone;ord_contact_1_cell_phone;ord_contact_1_other_cell_phone;ord_contact_1_email;ord_contact_1_other_email;ord_contact_2_type_cd;ord_contact_2_name;ord_contact_2_work_phone;ord_contact_2_home_phone;ord_contact_2_cell_phone;ord_contact_2_other_cell_phone;ord_contact_2_email;ord_contact_2_other_email;ord_contact_3_type_cd;ord_contact_3_name;ord_contact_3_work_phone;ord_contact_3_home_phone;ord_contact_3_cell_phone;ord_contact_3_other_cell_phone;ord_contact_3_email;ord_contact_3_other_email;ord_request_rr_status_cd;ord_request_rr_vendor_appraisal_id;ord_request_rrvendor_appraisal_draft_rcvd_dt;ord_request_rr_xml_form_id;ord_request_rr_pdf_form_id;ord_request_rr_appr_file_data_sourc_cd;ord_request_rr_report_value_amt;ord_request_rr_appraisal_company_name;ord_request_rrvendor_name;ord_request_rrvendor_license_nbr;ord_request_rrvendor_license_state_cd;ord_valuation_completed_product;ord_valuation_due_to_client_dt;ord_valuation_report_recived_dt;ord_valuation_completion_dt;ord_valuation_report_status_cd;ord_valuation_appraised_value_amt;ord_valuation_bpo_market_value_amt;ord_valuation_bpo_as_is_amt;ord_valuation_bpo_as_repaired_value_amt;ord_valuation_red_flag_code;ord_valuation_red_flag_desc;ord_valuation_amc_appraisal_id;ord_valuation_final_review_id;ord_review_recommended_value_amt;ord_review_dt;ord_review_recommended_action_cd;ord_review_reviewer_decision_cd;ord_review_review_score;ord_review_form_used;ord_review_provider_on_watch_list_ind;ord_review_cured_value_amt;ord_review_final_recommended_action_cd
1;overriding;Small copying Oregon;evolve Mouse program;Minnesota;Money Market Account Wooden Sm;Music Soft Holy See (Vatican C;Identity Cambridgeshire;orange;input;83420;bricks-and-clicks Money Market Account;Cheese;2020-05-05;2020-05-05;access Algerian Dinar microchip;navigating SCSI;true;2020-05-05;2020-05-05;false;primary Fresh;false;Intelligent communities deposi;Fantastic circuit Intuitive;Cambridgeshire data-warehouse;Savings Account Borders;Manor digital;Checking Account Lane Auto Loan Account;2020-05-05;Union;payment;Object-based Assistant Pound Sterling;quantifying;circuit;82468;83167;44640;Bosnia and Herzegovina;driver Compatible;Row e-services Ball;true;Isle Grenada;true;2020-05-05;false;true;withdrawal Sleek;false;2020-05-05;compress Savings Account Mouse;Advanced Martinique Clothing;Investor SSL Consultant;Motorway Granite;Spurs help-desk;Checking Account Product revol;Cameroon navigating;Credit Card Account;Ergonomic;Small;Central;Place Pre-emptive;78497;21148;74783;24748;time-frame;Lebanon Rubber;Alabama deliver;Rubber Bolivia out-of-the-box;92399;64118;71392;76006;Savings Account Handcrafted Soft Chair viral;calculating Handcrafted;Avon Hong Kong;Technician grid-enabled;17146;76531;39271;46017;array override Pants;5th generation frictionless;Tokelau Pre-emptive;models Mouse;2020-05-05;card Technician Tenge;Michigan back-end;Music Ergonomic Rubber Pants;82046;SMTP solutions;Malta Fiji;virtual;Computer capacitor transform;Car;2020-05-06;2020-05-06;2020-05-06;indigo;77196;57490;7340;78808;override Avon;extend;RAM payment;34607;28060;2020-05-05;Fresh red;Persistent HTTP relationships;evolve capacity;Aruban Guilder input Configuration;false;50618;mesh digital Decentralized
2;Sleek;Optimization;JSON paradigms;models;Massachusetts;invoice;Madagascar South Dakota applic;repurpose Steel structure;optical Organic;50338;Operations;supply-chains Auto Loan Accoun;2020-05-06;2020-05-05;Corporate Creative Kansas;Kuwait French Polynesia;true;2020-05-05;2020-05-05;true;Research Associate;false;International IB Quality;red;Developer;SQL Pike;Mount Frozen;impactful payment metrics;2020-05-06;Chips Licensed;Oval incentivize Switzerland;Producer Accountability Libyan Arab Jamahiriya;Ameliorated digital Paradigm;Unbranded Metal Tuna;15167;15124;8285;Balboa US Dollar;Cross-platform JSON;Slovakia (Slovak Republic) ora;true;magnetic Practical;false;2020-05-06;true;false;Lithuanian Litas Licensed open;true;2020-05-05;optical Metrics Avon;Borders;Washington Home Loan Account;Savings Account Guyana Industrial;Pitcairn Islands systems Bedfo;Markets Hungary;Buckinghamshire Credit Card Account;Rustic Soft Mouse South Dakota Avon;Metal Checking Account;parse Soft;Cambridgeshire enterprise;navigate;87989;97647;24715;47750;Analyst Administrator Borders;compressing;e-tailers;array;54870;99727;31848;81689;Kwacha turquoise Lead;Concrete Fresh circuit;Small Frozen Ball;South Dakota Facilitator Human;34928;455;51915;12559;Delaware transmitting Refined Wooden Keyboard;Kids Intelligent Soft Pizza;Peru;Vista International;2020-05-06;Ohio Progressive JBOD;schemas;Berkshire capacitor partnershi;86460;extensible Games digital;Sleek Steel Hat Executive;Shirt Sports;navigate quantifying;Pa'anga;2020-05-05;2020-05-05;2020-05-06;Customer;10700;9800;44258;57198;help-desk Unions;bypassing;compressing;18724;24948;2020-05-06;azure Outdoors Ohio;intermediate;synthesize;Horizontal haptic;false;64597;optical
3;Computer;attitude overriding Small;Customizable Tunnel Mouse;Avon;Automotive;Applications;Chief orchid;next-generation action-items;SQL;22120;SDD plum quantifying;Frozen Rhode Island;2020-05-05;2020-05-06;navigate;Licensed Wooden Hat Meadows;true;2020-05-06;2020-05-05;true;Cambridgeshire synthesize;false;interface;Ameliorated;mindshare Planner reboot;wireless De-engineered;digital;grid-enabled XSS;2020-05-06;New Mexico;program TCP pink;hack Technician;Expressway PCI Clothing;Facilitator incubate back-end;62672;28310;49417;connecting;Dale Auto Loan Account budgeta;Focused Small Wooden Soap init;false;Accounts Cheese;false;2020-05-06;true;true;mobile Wisconsin Quetzal;false;2020-05-06;killer;Avon;hack back-end;compress;schemas e-markets Versatile;synthesize;lime Generic;Industrial;Kazakhstan generate;Supervisor Industrial;Data Cambridgeshire foreground;HDD;73113;60371;17662;58383;deposit Metal Tactics;Somoni calculating;Handmade Concrete Chicken 24 h;SQL;78378;36547;78932;50286;Handmade stable;Optimization Plains;azure Balboa US Dollar Berkshi;Thailand Orchestrator markets;34010;67223;56015;78434;Venezuela Rapids Chief;drive tangible benchmark;connecting 3rd generation;synthesizing orchid application;2020-05-06;parsing applications attitude-oriented;connect;Buckinghamshire;21249;International Accountability SMS;calculate extensible;Mouse orchid;Seychelles Summit;New York Administrator;2020-05-05;2020-05-06;2020-05-05;Response Director Soap;86332;99838;77137;70427;connect Kina matrix;Gorgeous Metal Sausages Berkshire;Auto Loan Account;48518;44228;2020-05-06;Ohio Pa'anga Singapore Dollar;copy compress Intelligent;Practical Steel Hat synthesize protocol;online Zambian Kwacha;false;85503;interface Architect
4;Analyst driver;Montana Savings Account transm;virtual Tuna;matrices efficient Strategist;Steel Georgia Azerbaijan;digital Administrator Kansas;bypassing;European Unit of Account 9(E.U;Granite;34710;New Hampshire;leverage virtual Corporate;2020-05-06;2020-05-06;Response Grocery;Tugrik Handcrafted Steel Keyboard;true;2020-05-06;2020-05-05;true;Executive optical Quality;true;orchestrate deposit;reboot;Auto Loan Account synthesize;Ergonomic Steel Chips synthesizing;Accounts override;integrate;2020-05-05;online;maroon;Configuration Borders;interface Sri Lanka Rupee;quantifying Licensed;66386;63;52243;Games incubate;Shoes;Applications Generic Metal;true;Reduced well-modulated;false;2020-05-06;false;true;benchmark Credit Card Account;false;2020-05-06;optical;Analyst Virtual;Savings Account;Bedfordshire sensor Bacon;Wyoming;bandwidth Refined Concrete Com;Granite white;methodical;rich;vortals;Frozen reboot;Checking Account artificial intelligence challenge;41025;33907;53356;88815;Accountability Investment Account;Bedfordshire;Soft Tennessee integrate;Serbian Dinar override;44932;80355;4402;93317;Place Vatu;Graphic Interface;optimize;Soft invoice gold;58705;95405;28724;99382;wireless;Music database;synthesize;throughput bandwidth FTP;2020-05-05;solid state Avon;quantify archive;Future-proofed;99103;Consultant;mobile Vista;HDD North Dakota;Savings Account Generic;maximize Computer optimize;2020-05-06;2020-05-06;2020-05-05;Kwacha;19787;73612;1350;62567;mobile;Colorado Palestinian Territory connect;Loop;25519;38818;2020-05-06;Metrics Peso Uruguayo Uruguay Peso en Unidades Indexadas Open-source;digital virtual Personal Loan Account;Fresh Managed Unbranded Frozen Gloves;Intelligent;false;6301;Cross-platform Kids Cambridgeshire
5;Investor black;Minnesota programming;Security hard drive;secured line Corporate South C;National;Organic National Handmade Soft;Clothing programming;Soap lime Gorgeous Plastic Cha;Investment Account Azerbaijani;32334;Shoes hacking Clothing;Regional Branding;2020-05-06;2020-05-06;Investment Account Applications Books;zero defect;true;2020-05-05;2020-05-06;true;Course National;true;Industrial target;monitor Cotton optimal;Sports;4th generation;6th generation Cotton;Lead;2020-05-05;Falls;Generic Specialist Intelligent;protocol;Unbranded synthesize;Serbia bus payment;45276;89246;61953;cultivate orchid SCSI;withdrawal;deposit deposit;false;quantify Gibraltar Facilitator;true;2020-05-05;false;false;invoice;false;2020-05-05;Djibouti Franc Assurance;program Human;zero tolerance indexing;digital driver;Savings Account;Cambridgeshire transmitting Mo;redundant Tunnel;Som Liaison Mississippi;South Africa;Azerbaijanian Manat;Buckinghamshire;Auto Loan Account;79052;80999;50413;47562;Pataca Finland HTTP;Assurance Granite;Fantastic Granite Chicken web ;Key;32270;19826;1068;28170;Macao Berkshire;Netherlands Antilles backing up;PCI;Rand Refined;16971;78091;273;91813;ADP Mobility;virtual;extend;Maine;2020-05-05;Plastic Tasty Metal Mouse Granite;Supervisor Checking Account;compress;81475;innovative;JBOD;Generic Steel Salad sensor Incredible Rubber Ball;Accounts Creative;sensor scale standardization;2020-05-06;2020-05-06;2020-05-06;invoice;21076;804;56719;76889;transmitter collaborative Forw;methodologies Fantastic Steel Pants brand;silver;93247;37602;2020-05-06;withdrawal;Officer interactive;Utah Towels;application;false;83317;platforms Garden grey
6;policy SDD generating;Maine online Zambian Kwacha;transmitting;Falls parsing payment;conglomeration;Motorway Fully-configurable ch;Facilitator Oklahoma;Licensed Rubber Gloves synthes;Credit Card Account;55555;Kentucky;Manager open-source Cloned;2020-05-06;2020-05-06;indexing;Frozen;true;2020-05-05;2020-05-06;false;Netherlands Antilles Shirt;true;firewall bandwidth parsing;concept;Ecuador;copy;implement e-commerce RSS;24 hour Seamless;2020-05-05;mint green program;strategize Managed;Licensed Cotton Soap Coordinator;Intelligent;Inverse navigating Wooden;72826;65023;25117;system generate Awesome;Assurance navigating Assistant;withdrawal European Monetary U;false;deposit West Virginia deliver;false;2020-05-05;false;true;Internal;false;2020-05-06;olive Passage;functionalities Roads;eyeballs Investment Account Burg;Face to face;content Customer Electronics;Buckinghamshire Paradigm Savin;Puerto Rico Officer;Wooden;deposit compressing;Gorgeous payment Bond Markets Units European Composite Unit (EURCO);overriding;Assistant;89574;68310;13813;76421;Rubber Refined;quantifying Open-architected withdrawal;Mouse methodology;cyan Central African Republic Integration;6751;89745;8706;21920;copying Configurable;synthesizing;Tugrik;Unbranded Granite Ball black;41170;48885;35319;4262;Hawaii Personal Loan Account Borders;deliver;payment policy Auto Loan Accou;Human bandwidth;2020-05-05;Directives monitoring;conglomeration Generic Rubber Chair Gorgeous Metal Car;Strategist Ridges;83974;software;hub;system North Dakota Awesome;Personal Loan Account;Manager eyeballs;2020-05-05;2020-05-06;2020-05-05;payment;77043;17776;44040;86980;Metal;azure;Tools;37496;14714;2020-05-06;Baby Strategist;compress Avon Concrete;Chicken;Fantastic Concrete Chips Pennsylvania Trinidad and Tobago;true;44963;Mouse
7;Pennsylvania models Operations;override;Concrete;Borders parse high-level;back up Practical Concrete Key;Global Bacon;primary transmitter;Factors International incubate;THX evolve;82028;Gardens Sleek Plastic Tuna;Granite;2020-05-06;2020-05-05;orchestrate Turkey Shirt;Bacon;true;2020-05-06;2020-05-05;false;Row;false;Awesome transmit;back-end;bi-directional;Assimilated calculate program;Agent;architecture;2020-05-05;Bedfordshire THX Ball;holistic;Tasty Frozen Shirt;JBOD;portals instruction set;70350;27254;10695;Investment Account;virtual;Sleek back-end copy;false;Armenian Dram Engineer holisti;true;2020-05-06;true;true;purple;true;2020-05-06;synergies;index Buckinghamshire olive;Analyst;compressing Borders ability;mesh Villages;Investor;Gorgeous e-commerce Cambridgeshire;Sleek;Namibia Personal Loan Account leading edge;Christmas Island;TCP collaborative Consultant;functionalities panel Data;62363;19883;39363;81225;Agent matrix;Agent Customer;Auto Loan Account Home withdra;maximize;46027;97255;981;69977;Well cross-platform Handcrafted Fresh Salad;parse Practical;Forges;Gorgeous Idaho;39189;2435;60604;87517;Consultant bleeding-edge;Mouse;Beauty;Principal THX Salad;2020-05-06;withdrawal emulation;Personal Loan Account Route Functionality;Money Market Account;88967;dedicated;Clothing;US Dollar;incubate capability;Tuna;2020-05-05;2020-05-05;2020-05-05;deposit iterate;32277;79481;37777;43448;HDD salmon;Monaco Centers magnetic;bypass;49323;24553;2020-05-06;frictionless;digital;Wisconsin B2B;Trail;false;54593;Plastic deposit
8;Wooden input;Movies;Micronesia Shirt array;Unions Florida;Massachusetts customized;motivating Tasty Metal Shirt L;hard drive;ubiquitous;markets;42317;SDD RAM Avon;Shirt;2020-05-05;2020-05-05;didactic Street;Money Market Account;false;2020-05-05;2020-05-05;true;Pants generate;true;Rubber Rubber Auto Loan Accoun;California Buckinghamshire EXE;Personal Loan Account Regional;Berkshire;multimedia Handcrafted Cotton Pizza;impactful Heard Island and McDonald Islands;2020-05-05;Investor International Agent;overriding;Borders Functionality;Costa Rica Island Credit Card Account;Maryland capacitor;8987;44932;52436;SAS web-readiness;repurpose navigate visionary;empower microchip;true;index;false;2020-05-05;true;false;Fantastic Soft Soap Ergonomic ;true;2020-05-06;Tuna Gold;RAM compressing;Rustic;Bermuda empowering Practical Granite Computer;lime;salmon;Cheese Fantastic Vista;JSON Bedfordshire;bypass Secured Rustic;compressing Rubber;Concrete Valleys optimize;Planner Refined;10322;30592;76412;39211;Green;Berkshire Grocery hack;Accountability one-to-one;real-time;85573;63926;87120;42451;XSS monetize;Berkshire challenge Congo;Administrator platforms repurp;Tuna compressing Marketing;98773;81536;16256;8445;evolve;Planner overriding Springs;Producer Street Corporate;Buckinghamshire;2020-05-06;Maine Progressive;Representative Frozen Buckinghamshire;Chair Intelligent back up;56370;productivity capacitor redundant;Massachusetts Shoes;archive implement;Personal Loan Account Ireland ;Credit Card Account navigating;2020-05-05;2020-05-06;2020-05-06;Strategist Quality input;51761;57002;77860;64736;bluetooth interface;mesh override;withdrawal;43992;34327;2020-05-06;Michigan Gorgeous;program Cotton Director;Computers;Brook;false;96456;digital
9;Metical Engineer;Guatemala functionalities dida;Argentine Peso;Concrete;Marketing Personal Loan Accoun;parsing card flexibility;New York Djibouti Franc Factor;Facilitator;Chief Buckinghamshire;50501;invoice FTP;Djibouti Franc Practical;2020-05-06;2020-05-05;Baht;THX;false;2020-05-05;2020-05-06;true;Directives 1080p;false;Florida withdrawal users;withdrawal Wisconsin Neck;bypass viral;Utah;Frozen client-server;bandwidth high-level Illinois;2020-05-05;secondary;Kentucky Latvian Lats;Networked Avon;Product streamline;mint green Factors;49559;91141;6068;copy microchip;networks;Intranet;true;interfaces;true;2020-05-05;true;false;Home invoice multi-byte;true;2020-05-05;bypass intermediate Seamless;Incredible;withdrawal back-end;composite encryption;Shoes invoice;Colombian Peso Unidad de Valor;quantifying Universal;Creek;best-of-breed;Orchestrator bandwidth-monitored Web;Central Security Concrete;convergence frictionless;82973;56883;18256;15857;B2C Table;Industrial bluetooth;Barbados Dollar Wooden revolut;interface Nakfa Parkway;40022;64342;13979;54;digital;RSS;Savings Account Street calcula;empower primary Bedfordshire;99214;4760;89223;49500;Pants Central neural;Cambridgeshire;Shores synergize;International;2020-05-06;Belarussian Ruble communities Checking Account;Egypt Holy See (Vatican City State);reinvent Avon Hat;54940;Antarctica (the territory South of 60 deg S) maroon quantify;Producer Danish Krone;Buckinghamshire Branding incubate;transform Bedfordshire;platforms User-friendly evolve;2020-05-05;2020-05-06;2020-05-05;implement ADP;25874;22524;82275;82817;Hat capacitor Home Loan Accoun;reintermediate payment;Tuna firewall transform;3873;33779;2020-05-05;Chips AI Fresh;Small Metal Pizza Forks;RAM;Industrial Awesome Steel Towels payment;true;84897;relationships
10;Unbranded Administrator indexi;implement Handmade;synthesize Expanded;payment Creative;Nepal Avon Auto Loan Account;Sausages Refined Wooden Gloves;Turnpike;SDD Hat;Awesome Plastic Pants;34791;Pike;Plaza real-time Frozen;2020-05-05;2020-05-06;invoice silver;synergistic;false;2020-05-06;2020-05-05;true;Rhode Island best-of-breed Wyo;true;Awesome Frozen Ball explicit;Swiss Franc;access;Turnpike;Developer copy;white neural;2020-05-05;JSON digital;Buckinghamshire Netherlands;1080p Zimbabwe Dollar;Intelligent Fresh Fish Freeway Lodge;Chicken;43238;79793;47523;Massachusetts;circuit;Idaho compress Technician;true;Soft;false;2020-05-06;false;true;card Home Loan Account Practic;false;2020-05-06;Car Inverse;hacking;Berkshire intermediate;empower Qatari Rial;program haptic;Industrial IB index;Lead Buckinghamshire input;Health;optimize;RSS 24 hour Dynamic;modular Extended Bedfordshire;Associate maroon;14813;64950;56283;38454;Factors;pixel SAS hard drive;teal;Internal;51719;45121;51998;45285;Checking Account AI;compelling orchestration;Director;modular Wooden firewall;40220;54114;73619;63623;New Zealand;Refined Intranet;interfaces;24/7;2020-05-06;bypassing quantifying;online Developer Computer;Gold Usability;14003;Metical Designer;pricing structure Cambridgeshire gold;payment payment Sports;interactive engineer archive;technologies;2020-05-05;2020-05-06;2020-05-05;scalable;89291;59721;28894;2734;protocol;Shore;Handmade Steel Fish neutral Money Market Account;38868;73145;2020-05-05;Solutions;Books Multi-lateral;Pass Mountains Oregon;transmitter Networked bandwidth-monitored;true;36846;e-services Handmade Cotton Car bluetooth
